member_id,name,club
人001,智能社1,人工智能社
人002,智能社2,人工智能社
人003,智能社3,人工智能社
人004,智能社4,人工智能社
人005,智能社5,人工智能社
人006,智能社6,人工智能社
人007,智能社7,人工智能社
人008,智能社8,人工智能社
人009,智能社9,人工智能社
人010,智能社10,人工智能社
人011,智能社11,人工智能社
人012,智能社12,人工智能社
人013,智能社13,人工智能社
人014,智能社14,人工智能社
人015,智能社15,人工智能社
人016,智能社16,人工智能社
人017,智能社17,人工智能社
人018,智能社18,人工智能社
人019,智能社19,人工智能社
人020,智能社20,人工智能社
人021,智能社21,人工智能社
人022,智能社22,人工智能社
人023,智能社23,人工智能社
人024,智能社24,人工智能社
人025,智能社25,人工智能社
人026,智能社26,人工智能社
人027,智能社27,人工智能社
人028,智能社28,人工智能社
人029,智能社29,人工智能社
人030,智能社30,人工智能社
人031,智能社31,人工智能社
人032,智能社32,人工智能社
人033,智能社33,人工智能社
人034,智能社34,人工智能社
人035,智能社35,人工智能社
人036,智能社36,人工智能社
人037,智能社37,人工智能社
人038,智能社38,人工智能社
人039,智能社39,人工智能社
人040,智能社40,人工智能社
人041,智能社41,人工智能社
人042,智能社42,人工智能社
人043,智能社43,人工智能社
人044,智能社44,人工智能社
人045,智能社45,人工智能社
人046,智能社46,人工智能社
人047,智能社47,人工智能社
人048,智能社48,人工智能社
人049,智能社49,人工智能社
人050,智能社50,人工智能社
人051,智能社51,人工智能社
人052,智能社52,人工智能社
人053,智能社53,人工智能社
人054,智能社54,人工智能社
人055,智能社55,人工智能社
人056,智能社56,人工智能社
人057,智能社57,人工智能社
人058,智能社58,人工智能社
人059,智能社59,人工智能社
人060,智能社60,人工智能社
人061,智能社61,人工智能社
人062,智能社62,人工智能社
人063,智能社63,人工智能社
人064,智能社64,人工智能社
人065,智能社65,人工智能社
人066,智能社66,人工智能社
人067,智能社67,人工智能社
人068,智能社68,人工智能社
人069,智能社69,人工智能社
人070,智能社70,人工智能社
人071,智能社71,人工智能社
人072,智能社72,人工智能社
人073,智能社73,人工智能社
人074,智能社74,人工智能社
人075,智能社75,人工智能社
人076,智能社76,人工智能社
人077,智能社77,人工智能社
人078,智能社78,人工智能社
人079,智能社79,人工智能社
人080,智能社80,人工智能社
人081,智能社81,人工智能社
人082,智能社82,人工智能社
人083,智能社83,人工智能社
人084,智能社84,人工智能社
人085,智能社85,人工智能社
人086,智能社86,人工智能社
人087,智能社87,人工智能社
人088,智能社88,人工智能社
人089,智能社89,人工智能社
人090,智能社90,人工智能社
人091,智能社91,人工智能社
人092,智能社92,人工智能社
人093,智能社93,人工智能社
人094,智能社94,人工智能社
人095,智能社95,人工智能社
人096,智能社96,人工智能社
人097,智能社97,人工智能社
人098,智能社98,人工智能社
人099,智能社99,人工智能社
人100,智能社100,人工智能社
环001,治理社1,环境治理社
环002,治理社2,环境治理社
环003,治理社3,环境治理社
环004,治理社4,环境治理社
环005,治理社5,环境治理社
环006,治理社6,环境治理社
环007,治理社7,环境治理社
环008,治理社8,环境治理社
环009,治理社9,环境治理社
环010,治理社10,环境治理社
环011,治理社11,环境治理社
环012,治理社12,环境治理社
环013,治理社13,环境治理社
环014,治理社14,环境治理社
环015,治理社15,环境治理社
环016,治理社16,环境治理社
环017,治理社17,环境治理社
环018,治理社18,环境治理社
环019,治理社19,环境治理社
环020,治理社20,环境治理社
环021,治理社21,环境治理社
环022,治理社22,环境治理社
环023,治理社23,环境治理社
环024,治理社24,环境治理社
环025,治理社25,环境治理社
环026,治理社26,环境治理社
环027,治理社27,环境治理社
环028,治理社28,环境治理社
环029,治理社29,环境治理社
环030,治理社30,环境治理社
环031,治理社31,环境治理社
环032,治理社32,环境治理社
环033,治理社33,环境治理社
环034,治理社34,环境治理社
环035,治理社35,环境治理社
环036,治理社36,环境治理社
环037,治理社37,环境治理社
环038,治理社38,环境治理社
环039,治理社39,环境治理社
环040,治理社40,环境治理社
环041,治理社41,环境治理社
环042,治理社42,环境治理社
环043,治理社43,环境治理社
环044,治理社44,环境治理社
环045,治理社45,环境治理社
环046,治理社46,环境治理社
环047,治理社47,环境治理社
环048,治理社48,环境治理社
环049,治理社49,环境治理社
环050,治理社50,环境治理社
环051,治理社51,环境治理社
环052,治理社52,环境治理社
环053,治理社53,环境治理社
环054,治理社54,环境治理社
环055,治理社55,环境治理社
环056,治理社56,环境治理社
环057,治理社57,环境治理社
环058,治理社58,环境治理社
环059,治理社59,环境治理社
环060,治理社60,环境治理社
环061,治理社61,环境治理社
环062,治理社62,环境治理社
环063,治理社63,环境治理社
环064,治理社64,环境治理社
环065,治理社65,环境治理社
环066,治理社66,环境治理社
环067,治理社67,环境治理社
环068,治理社68,环境治理社
环069,治理社69,环境治理社
环070,治理社70,环境治理社
环071,治理社71,环境治理社
环072,治理社72,环境治理社
环073,治理社73,环境治理社
环074,治理社74,环境治理社
环075,治理社75,环境治理社
环076,治理社76,环境治理社
环077,治理社77,环境治理社
环078,治理社78,环境治理社
环079,治理社79,环境治理社
环080,治理社80,环境治理社
环081,治理社81,环境治理社
环082,治理社82,环境治理社
环083,治理社83,环境治理社
环084,治理社84,环境治理社
环085,治理社85,环境治理社
环086,治理社86,环境治理社
环087,治理社87,环境治理社
环088,治理社88,环境治理社
环089,治理社89,环境治理社
环090,治理社90,环境治理社
环091,治理社91,环境治理社
环092,治理社92,环境治理社
环093,治理社93,环境治理社
环094,治理社94,环境治理社
环095,治理社95,环境治理社
环096,治理社96,环境治理社
环097,治理社97,环境治理社
环098,治理社98,环境治理社
环099,治理社99,环境治理社
环100,治理社100,环境治理社
文001,传播社1,文化传播社
文002,传播社2,文化传播社
文003,传播社3,文化传播社
文004,传播社4,文化传播社
文005,传播社5,文化传播社
文006,传播社6,文化传播社
文007,传播社7,文化传播社
文008,传播社8,文化传播社
文009,传播社9,文化传播社
文010,传播社10,文化传播社
文011,传播社11,文化传播社
文012,传播社12,文化传播社
文013,传播社13,文化传播社
文014,传播社14,文化传播社
文015,传播社15,文化传播社
文016,传播社16,文化传播社
文017,传播社17,文化传播社
文018,传播社18,文化传播社
文019,传播社19,文化传播社
文020,传播社20,文化传播社
文021,传播社21,文化传播社
文022,传播社22,文化传播社
文023,传播社23,文化传播社
文024,传播社24,文化传播社
文025,传播社25,文化传播社
文026,传播社26,文化传播社
文027,传播社27,文化传播社
文028,传播社28,文化传播社
文029,传播社29,文化传播社
文030,传播社30,文化传播社
文031,传播社31,文化传播社
文032,传播社32,文化传播社
文033,传播社33,文化传播社
文034,传播社34,文化传播社
文035,传播社35,文化传播社
文036,传播社36,文化传播社
文037,传播社37,文化传播社
文038,传播社38,文化传播社
文039,传播社39,文化传播社
文040,传播社40,文化传播社
文041,传播社41,文化传播社
文042,传播社42,文化传播社
文043,传播社43,文化传播社
文044,传播社44,文化传播社
文045,传播社45,文化传播社
文046,传播社46,文化传播社
文047,传播社47,文化传播社
文048,传播社48,文化传播社
文049,传播社49,文化传播社
文050,传播社50,文化传播社
文051,传播社51,文化传播社
文052,传播社52,文化传播社
文053,传播社53,文化传播社
文054,传播社54,文化传播社
文055,传播社55,文化传播社
文056,传播社56,文化传播社
文057,传播社57,文化传播社
文058,传播社58,文化传播社
文059,传播社59,文化传播社
文060,传播社60,文化传播社
文061,传播社61,文化传播社
文062,传播社62,文化传播社
文063,传播社63,文化传播社
文064,传播社64,文化传播社
文065,传播社65,文化传播社
文066,传播社66,文化传播社
文067,传播社67,文化传播社
文068,传播社68,文化传播社
文069,传播社69,文化传播社
文070,传播社70,文化传播社
文071,传播社71,文化传播社
文072,传播社72,文化传播社
文073,传播社73,文化传播社
文074,传播社74,文化传播社
文075,传播社75,文化传播社
文076,传播社76,文化传播社
文077,传播社77,文化传播社
文078,传播社78,文化传播社
文079,传播社79,文化传播社
文080,传播社80,文化传播社
文081,传播社81,文化传播社
文082,传播社82,文化传播社
文083,传播社83,文化传播社
文084,传播社84,文化传播社
文085,传播社85,文化传播社
文086,传播社86,文化传播社
文087,传播社87,文化传播社
文088,传播社88,文化传播社
文089,传播社89,文化传播社
文090,传播社90,文化传播社
文091,传播社91,文化传播社
文092,传播社92,文化传播社
文093,传播社93,文化传播社
文094,传播社94,文化传播社
文095,传播社95,文化传播社
文096,传播社96,文化传播社
文097,传播社97,文化传播社
文098,传播社98,文化传播社
文099,传播社99,文化传播社
文100,传播社100,文化传播社
